Company Name ,City ,State ,Phone ,Website URL
Avondale Brewing Co ,Birmingham ,Alabama ,2057775456,http://www.avondalebrewing.com
Band of Brothers Brewing Company ,Tuscaloosa ,Alabama ,2052665137,http://www.bandofbrosbrewing.com
Trim Tab Brewing ,Birmingham ,Alabama ,2057030536,http://www.trimtabbrewing.com
Yellowhammer Brewery ,Huntsville ,Alabama ,2569755950,http://www.yellowhammerbrewery.com
Bearpaw River Brewing Co ,Wasilla ,Alaska ,,http://bearpawriverbrewing.com
King Street Brewing Co ,Anchorage ,Alaska ,9073365464,http://www.kingstreetbrewing.com
1912 Brewing ,Tucson ,Arizona ,5202564851,http://www.1912brewing.com
Bad Water Brewing ,Scottsdale ,Arizona ,5207459175,http://www.badwaterbrewing.com
BJs Restaurant & Brewery - Chandler ,Chandler ,Arizona ,4809170631,http://www.bjsrestaurants.com
BlackRock Brewers ,Tucson ,Arizona ,5202073203,http://www.brb.beer
Dragoon Brewing Co ,Tucson ,Arizona ,5203293606,http://www.dragoonbrewing.com
Grand Canyon Brewing Company ,Williams ,Arizona ,8005132072,http://www.grandcanyonbrewingco.com
Mudshark Brewing Co ,Lake Havasu City ,Arizona ,9284532981,http://www.mudsharkbrewingco.com
Richter Aleworks ,Peoria ,Arizona ,6029086553,http://www.richteraleworks.com
SanTan Brewing Co ,Chandler ,Arizona ,4809178700,http://www.santanbrewing.com
State 48 Brewery ,Surprise ,Arizona ,6235841095,
Wren House Brewing Company ,Phoenix ,Arizona ,6022449184,http://www.wrenhousebrewing.com
Brick Oven Pizza Co / Brick & Forge Brewing ,Paragould ,Arkansas ,8702364200,http://www.brickovenpizzacompany.com
Diamond Bear Brewing Co ,North Little Rock ,Arkansas ,5017082739,http://www.diamondbear.com
Lost Forty Brewing ,Little Rock ,Arkansas ,5013197275,http://www.lost40brewing.com/
